--C1--
DROP TABLE GIAOVIEN
DROP TABLE BOMON
DROP TABLE KHOA
DROP TABLE GV_DT
DROP TABLE NGUOITHAN
DROP TABLE THAMGIADT
DROP TABLE CONGVIEC
DROP TABLE DETAI
DROP TABLE CHUDE

-- Tao bang GIAOVIEN (DONE)
CREATE TABLE GIAOVIEN
(
	MAGV CHAR(3) NOT NULL,
	HOTEN NVARCHAR(40),
	LUONG FLOAT,
	PHAI NCHAR(3),
	NGAYSINH SMALLDATETIME,
	DIACHI NVARCHAR(50),
	GVQLCM CHAR(3),
	MABM CHAR(5),
	PRIMARY KEY (MAGV)
)

-- Them khoa ngoai vao GIAOVIEN (DONE)
ALTER TABLE GIAOVIEN
ADD CONSTRAINT FK_GIAOVIEN_GVQLCM
FOREIGN KEY (GVQLCM)
REFERENCES GIAOVIEN(MAGV)

-- Tao bang BOMON (DONE)
CREATE TABLE BOMON
(
	MABM CHAR(5) NOT NULL,
	TENBOMON NVARCHAR(40),
	PHONG CHAR(3),
	DIENTHOAI CHAR(12),
	TRUONGBM CHAR(3),
	MAKHOA CHAR(5),
	NGAYNHANCHUC SMALLDATETIME,
	PRIMARY KEY (MABM)
)

-- Them khoa ngoai MABM vao GIAOVIEN (DONE)
ALTER TABLE GIAOVIEN
ADD CONSTRAINT FK_GIAOVIEN_MABM
FOREIGN KEY (MABM)
REFERENCES BOMON(MABM)

-- Them khoa ngoai MAGV vao BOMON (DONE)
ALTER TABLE BOMON
ADD CONSTRAINT FK_BOMON_TRUONGBM
FOREIGN KEY (TRUONGBM)
REFERENCES GIAOVIEN(MAGV)

-- Tao bang KHOA (DONE)
CREATE TABLE KHOA
(
	MAKHOA CHAR(5) NOT NULL,
	TENKHOA NVARCHAR(40),
	NAMTL SMALLINT,
	PHONG VARCHAR(3),
	DIENTHOAI CHAR(12),
	TRUONGKHOA CHAR(3),
	NGAYNHANCHUC SMALLDATETIME,
	PRIMARY KEY (MAKHOA)
)

-- Them khoa ngoai MAKHOA vao BOMON (DONE)
ALTER TABLE BOMON
ADD CONSTRAINT FK_BOMON_MAKHOA
FOREIGN KEY (MAKHOA)
REFERENCES KHOA(MAKHOA)

-- Them khoa ngoai MAGV vao KHOA (DONE)
ALTER TABLE KHOA
ADD CONSTRAINT FK_KHOA_TRUONGKHOA
FOREIGN KEY (TRUONGKHOA)
REFERENCES GIAOVIEN(MAGV)

-- Tao bang GV_DT (DONE)
CREATE TABLE GV_DT
(
	MAGV CHAR(3) NOT NULL,
	DIENTHOAI VARCHAR(12) NOT NULL,
	PRIMARY KEY (MAGV, DIENTHOAI)
)

-- Tao khoa ngoai cho GV_DT (DONE)
ALTER TABLE GV_DT
ADD CONSTRAINT FK_GV_DT_MAGV
FOREIGN KEY (MAGV)
REFERENCES GIAOVIEN(MAGV)

-- Tao bang NGUOITHAN (DONE)
CREATE TABLE NGUOITHAN
(
	MAGV CHAR(3) NOT NULL,
	TEN NVARCHAR(40) NOT NULL,
	NGSINH SMALLDATETIME,
	PHAI CHAR(3),
	PRIMARY KEY (MAGV, TEN)
)

-- Tao khoa ngoai cho NGUOITHAN (DONE)
ALTER TABLE NGUOITHAN
ADD CONSTRAINT FK_NGUOITHAN_MAGV
FOREIGN KEY (MAGV)
REFERENCES GIAOVIEN(MAGV)

-- Tao bang THAMGIADT (DONE)
CREATE TABLE THAMGIADT
(
	MAGV CHAR(3) NOT NULL,
	MADT CHAR(3) NOT NULL,
	STT TINYINT NOT NULL,
	PHUCAP FLOAT,
	KETQUA CHAR(5),
	PRIMARY KEY (MAGV, MADT, STT)
)

-- Them khoa ngoai cho THAMGIADT (DONE)
ALTER TABLE THAMGIADT
ADD CONSTRAINT FK_THAMGIADT_MAGV
FOREIGN KEY (MAGV)
REFERENCES GIAOVIEN(MAGV)

-- Tao bang CONGVIEC (DONE)
CREATE TABLE CONGVIEC
(
	MADT CHAR(3) NOT NULL,
	SOTT TINYINT NOT NULL,
	TENCV NVARCHAR(40), 
	NGAYBD SMALLDATETIME,
	NGAYKT SMALLDATETIME,
	PRIMARY KEY (MADT, SOTT)
)

-- Them khoa ngoai cho THAMGIADT (DONE)
ALTER TABLE THAMGIADT
ADD CONSTRAINT FK_THAMGIADT_MADT_STT
FOREIGN KEY (MADT, STT)
REFERENCES CONGVIEC(MADT, SOTT)

-- Tao bang DETAI (DONE)
CREATE TABLE DETAI
(
	MADT CHAR(3) NOT NULL,
	TENDT NVARCHAR(40),
	CAPQL NVARCHAR(15),
	KINHPHI FLOAT,
	NGAYBD SMALLDATETIME,
	NGAYKT SMALLDATETIME,
	MACD CHAR(5),
	GVCNDT CHAR(3),
	PRIMARY KEY (MADT)
)

-- Them khoa ngoai cho DETAI (DONE)
ALTER TABLE DETAI
ADD CONSTRAINT FK_DETAI_GVCNDT
FOREIGN KEY (GVCNDT)
REFERENCES GIAOVIEN(MAGV)

-- Them khoa ngoai cho CONGVIEC (DONE)
ALTER TABLE CONGVIEC
ADD CONSTRAINT FK_CONGVIEC_MADT
FOREIGN KEY (MADT)
REFERENCES DETAI(MADT)

-- Tao bang CHUDE (DONE)
CREATE TABLE CHUDE
(
	MACD CHAR(5) NOT NULL,
	TENCD NVARCHAR(40)
	PRIMARY KEY (MACD)
)

-- Them khoa ngoai cho DETAI (DONE)
ALTER TABLE DETAI
ADD CONSTRAINT FK_DETAI_MACD
FOREIGN KEY (MACD)
REFERENCES CHUDE(MACD)

--C2--
INSERT INTO GIAOVIEN
VALUES ('001', N'Nguyễn Hoài An', 2000, N'Nam', '02/15/1973', N'25/3 Lạc Long Quân, Q.10, TP HCM', NULL, NULL)

INSERT INTO GIAOVIEN
VALUES ('002', N'Trần Trà Hương', 2500, N'Nữ', '06/20/1960', N'125 Trần Hưng Đạo, Q.1, TP HCM', NULL, NULL)

INSERT INTO GIAOVIEN
VALUES ('003', N'Nguyễn Ngọc Ánh', 2200, N'Nữ', '05/11/1975', N'12/21 Võ Văn Ngân Thủ Đức, TP HCM', '002', NULL)

INSERT INTO GIAOVIEN 
VALUES ('004', N'Trương Nam Sơn', 2300, 'Nam', '06/20/1959', N'215 Lý Thường Kiệt, TP Biên Hòa', NULL, NULL)

INSERT INTO GIAOVIEN
VALUES ('005',N'Lý Hoàng Hà',2500,'Nam','10/23/1954',N'22/5 Nguyễn Xí, Q.Bình Thạnh, TP HCM',NULL,NULL)

INSERT INTO GIAOVIEN
VALUES ('006',N'Trần Bạch Tuyết',1500,N'Nữ','05/20/1980',N'127 Hùng Vương, TP Mỹ Tho','004',NULL)

INSERT INTO GIAOVIEN
VALUES ('007',N'Nguyễn An Trung',2100,'Nam','06/05/1976',N'234 3/2, TP Biên Hòa',NULL,NULL)

INSERT INTO GIAOVIEN
VALUES ('008',N'Trần Trung Hiếu',1800,'Nam','08/06/1977',N'22/11 Lý Thường Kiệt, TP Mỹ Tho','007',NULL)

INSERT INTO GIAOVIEN
VALUES ('009',N'Trần Hoàng Nam',2000,'Nam','11/22/1975',N'234 Trần Não, An  Phú, TP HCM','001',NULL)

INSERT INTO GIAOVIEN
VALUES ('010',N'Phạm Nam Thanh',1500,'Nam','12/12/1980',N'221 Hùng Vương, Q.5, TP HCM','007',NULL)
-- DONE GIAOVIEN --

INSERT INTO KHOA
VALUES ('CNTT',N'Công nghệ thông tin',1995,'B11','0838123456','002','02/20/2005')

INSERT INTO KHOA
VALUES ('HH',N'Hóa học',1980,'B41','0838456456','007','10/15/2001')

INSERT INTO KHOA
VALUES ('SH',N'Sinh học',1980,'B31','0838454545','004','10/11/2000')

INSERT INTO KHOA
VALUES ('VL',N'Vật lý',1976,'B21','0838223223','005','09/18/2003')
-- DONE KHOA --

INSERT INTO BOMON
VALUES ('CNTT',N'Công nghệ tri thức','B15','0838126126',NULL,'CNTT',NULL)

INSERT INTO BOMON
VALUES ('HHC',N'Hóa hữu cơ','B44','0838222222',NULL,'HH',NULL)

INSERT INTO BOMON
VALUES ('HL',N'Hóa lý','B42','0838878787',NULL,'HH',NULL)

INSERT INTO BOMON
VALUES ('HPT',N'Hóa phân tích','B43','0838777777','007','HH','10/15/2007')

INSERT INTO BOMON
VALUES ('HTTT',N'Hệ thống thông tin','B13','0838125125','002','CNTT','09/20/2004')

INSERT INTO BOMON
VALUES ('MMT',N'Mạng máy tính','B16','0838676767','001','CNTT','05/15/2005')

INSERT INTO BOMON
VALUES ('SH',N'Sinh hóa','B33','0838898989',NULL,'SH',NULL)

INSERT INTO BOMON
VALUES (N'VLĐT',N'Vật lý điện tử','B23','0838234234',NULL,'VL',NULL)

INSERT INTO BOMON
VALUES (N'VLƯD',N'Vật lý ứng dụng','B24','0838454545','005','VL','02/18/2006')

INSERT INTO BOMON
VALUES ('VS',N'Vi sinh','B32','0838909090','004','SH','01/01/2007')
-- DONE BOMON --

UPDATE GIAOVIEN SET MABM = 'MMT' 
WHERE (MAGV = '001' OR MAGV = '009')

UPDATE GIAOVIEN SET MABM = 'HTTT' 
WHERE (MAGV = '002' OR MAGV = '003')

UPDATE GIAOVIEN SET MABM = 'VS' 
WHERE (MAGV = '004' OR MAGV = '006')

UPDATE GIAOVIEN SET MABM = 'HPT' 
WHERE (MAGV = '007' OR MAGV = '008' OR MAGV = '010')

UPDATE GIAOVIEN SET MABM = N'VLĐT' 
WHERE (MAGV = '005')
-- UPDATE GIAOVIEN --

INSERT INTO GV_DT
VALUES ('001','0838912112')

INSERT INTO GV_DT
VALUES ('001','0903123123')

INSERT INTO GV_DT
VALUES ('002','0913454545')

INSERT INTO GV_DT
VALUES ('003','0838121212')

INSERT INTO GV_DT 
VALUES ('003','0903656565')

INSERT INTO GV_DT
VALUES ('003','0937125125')

INSERT INTO GV_DT
VALUES ('006','0937888888')

INSERT INTO GV_DT 
VALUES ('008','0653717171')

INSERT INTO GV_DT
VALUES ('008','0913232323')
-- DONE GV_DT --

INSERT INTO NGUOITHAN
VALUES ('001',N'Hùng','1990-01-14','Nam')

INSERT INTO NGUOITHAN
VALUES ('001',N'Thủy','1994-12-08',N'Nữ')

INSERT INTO NGUOITHAN
VALUES ('003',N'Hà','1998-09-03',N'Nữ')

INSERT INTO NGUOITHAN
VALUES ('003',N'Thu','1998-09-03',N'Nữ')

INSERT INTO NGUOITHAN
VALUES ('007',N'Mai','2003-03-26',N'Nữ')

INSERT INTO NGUOITHAN
VALUES ('007',N'Vy','2000-02-14',N'Nữ')

INSERT INTO NGUOITHAN
VALUES ('008',N'Nam','1991-05-06','Nam')

INSERT INTO NGUOITHAN
VALUES ('009',N'An','1996-08-19','Nam')

INSERT INTO NGUOITHAN
VALUES ('010',N'Nguyệt','2006-01-14',N'Nữ')
-- DONE NGUOITHAN --

INSERT INTO CHUDE
VALUES ('NCPT',N'Ngiên cứu phát triển')

INSERT INTO CHUDE
VALUES ('QLGD',N'Quản lý giáo dục')

INSERT INTO CHUDE
VALUES (N'ƯDCN',N'Ứng dụng công nghệ')
-- DONE CHUDE --

INSERT INTO DETAI
VALUES ('001',N'HTTT quản lý các trường ĐH',N'ĐHQG',20,'10/20/2007','10/20/2008',N'QLGD','002')

INSERT INTO DETAI
VALUES ('002',N'HTTT quản lý giáo vụ cho một Khoa',N'Trường',20,'10/12/2000','10/12/2000',N'QLGD','002')

INSERT INTO DETAI
VALUES ('003',N'Nghiên cứu chế tạo sợi Nanô Platin',N'ĐHQG',300,'05/15/2008','05/15/2010',N'NCPT','005')

INSERT INTO DETAI
VALUES ('004',N'Tạo vật liệu sinh học bằng màng ối người',N'Nhà nước',100,'01/01/2007','12/31/2008',N'NCPT','004')

INSERT INTO DETAI
VALUES ('005',N'Ứng dụng hóa học xanh',N'Trường',200,'10/10/2003','12/10/2004',N'ƯDCN','007')

INSERT INTO DETAI
VALUES ('006',N'Nghiên cứu tế bào gốc',N'Nhà nước',4000,'10/20/2006','10/20/2009',N'NCPT','004')

INSERT INTO DETAI
VALUES ('007',N'HTTT quản lý thư viện ở các trường ĐH',N'Trường',20,'05/10/2009','05/10/2010',N'QLGD','001')
-- DONE DETAI --

INSERT INTO CONGVIEC
VALUES ('001',1,N'Khởi tạo và Lập kế hoạch','10/20/2007','12/20/2008')

INSERT INTO CONGVIEC
VALUES ('001',2,N'Xác định yêu cầu','12/21/2008','03/21/2008')

INSERT INTO CONGVIEC
VALUES ('001',3,N'Phân tích hệ thống','03/22/2008','05/22/2008')

INSERT INTO CONGVIEC
VALUES ('001',4,N'Thiết kế hệ thống','05/23/2008','06/23/2008')

INSERT INTO CONGVIEC
VALUES ('001',5,N'Cài đặt thử nghiệm','06/24/2008','10/20/2008')

INSERT INTO CONGVIEC
VALUES ('002',1,N'Khởi tạo và Lập kế hoạch','05/10/2009','07/10/2009')

INSERT INTO CONGVIEC
VALUES ('002',2,N'Xác định yêu cầu','07/11/2009','10/11/2009')

INSERT INTO CONGVIEC
VALUES ('002',3,N'Phân tích hệ thống','10/12/2009','12/20/2009')

INSERT INTO CONGVIEC
VALUES ('002',4,N'Thiết kế hệ thống','12/21/2009','03/22/2010')

INSERT INTO CONGVIEC
VALUES ('002',5,N'Cài đặt thử nghiệm','03/23/2010','05/10/2010')

INSERT INTO CONGVIEC
VALUES ('006',1,N'Lấy mẫu','10/20/2006','02/20/2007')

INSERT INTO CONGVIEC
VALUES ('006',2,N'Nuôi cấy','02/21/2007','08/21/2008')
-- DONE CONGVIEC --

INSERT INTO THAMGIADT
VALUES ('001','002',1,0,NULL)

INSERT INTO THAMGIADT
VALUES ('001','002',2,2,NULL)

INSERT INTO THAMGIADT
VALUES ('002','001',4,2,N'Đạt')

INSERT INTO THAMGIADT
VALUES ('003','001',1,1,N'Đạt')

INSERT INTO THAMGIADT
VALUES ('003','001',2,0,N'Đạt')

INSERT INTO THAMGIADT
VALUES ('003','001',4,1,N'Đạt')

INSERT INTO THAMGIADT
VALUES ('003','002',2,0,NULL)

INSERT INTO THAMGIADT
VALUES ('004','006',1,0,N'Đạt')

INSERT INTO THAMGIADT
VALUES ('004','006',2,1,N'Đạt')

INSERT INTO THAMGIADT
VALUES ('006','006',2,1.5,N'Đạt')

INSERT INTO THAMGIADT
VALUES ('009','002',3,0.5,NULL)

INSERT INTO THAMGIADT
VALUES ('009','002',4,1.5,NULL)
-- DONE THAMGIADT --